,message,sentiment,category
0,is it still sex trafficking if they going out there on their own  im just saying ,Neutral,Misunderstanding
1,sex trafficking is when people are being trafficked not individuals who are working for themselves most of the girls who are walking the streets and being advertised on places like craigslist are being trafficked and may look alone but are actually not,Positive,Aware
2,the majority of the women especially the teens are not giving consent,Positive,Aware
3,if she on the blade  then shes gonna get fucked period  whats the consent for she signed up for it,Negative,Misunderstanding
4,muddgang ronnie meaning people might be there against their will as in they arent consenting of selling themselves its a difference between having sex with someone on your own terms and not ,Positive,Aware
5,ever heard of gorilla pimps kidnapped girls women being forced to do things because they are scared for their safety,Positive,Aware
6,even womengirls lied to and sold false dreams of fast easy money and freedom qualify and men too though i suppose thats sf,Positive,Aware
7,was just asking a simple question  yes or nooo cause some are out there because thats the job they choose like swinging on a pole ,Neutral,Aware
8,robert fitzpatrick im replying to the other guy took your answer as genuine the first reply was to you no hard feelings,Neutral,Irrelevant
9,self explanatory,Positive,Aware
10,i cannot believe some of these comments you really cant grasp the difference between the two,Neutral,Aware
11,ok,Neutral,Irrelevant
12,a teen is still a child children cannot consent to being sold by another person for sex there are also children as young as  out there,Neutral,Information
13,lamo,Neutral,Share/Tag
14,pimppin and hoen the best thing going  hoeislife,Negative,Misunderstanding
15,yes but if you a pimp with one toothless hoe is bad business lmfao,Negative,Misunderstanding
16,i love how people on this thread are confusing regular prostitutionfree willthinking with human trafficking reasons we still have lostgirls,Positive,Aware
17,exactly plenty of ignorant mfs here,Neutral,Aware
18,yup,Neutral,Aware
19,lissi pulotu,Neutral,Share/Tag
20,tee moa,Neutral,Share/Tag
21,problem is that somebody brought this back up like its something new but in reality this has been going on in oakland for well over  years to my knowledge my question is who why and for what did somebody bring this back up for whats to be gained if they arent really going to do anything about it honestly prostitution in oakland is just as much of oakland culture as lake merrit,Negative,Misunderstanding
22,there is a difference between prostitution and human trafficking,Positive,Aware
23,prostitution is one of the oldest trades around thats not the issue here people can do what they want with their bodies but to be forced to or not have a choicefeel like they dont have a choice is where the problem is,Positive,Aware
24,micholette brill great job explaining in the past it was a choice,Neutral,Aware
25,hookers are good for  community it stops women from getting rapped some of those hookers look good as fuck,Negative,Misunderstanding
26,its the oldest trade and in times like now you cant really blame them for trying to keep a roof over their head woman or man whos out there workingâœœ,Neutral,Misunderstanding
27,theres prostitution and then there is trafficking,Positive,Aware
28,im against sex trafficking because its a different game and age dont matter sex either thanks for correcting me,Neutral,Aware
29,suggested enforcement start with opd  yeah,Neutral,Aware
30,if the few cops on patrol deal with the hundreds of prostitutes up and down international and foothill they wont be able to do anything else,Neutral,Information
31,william koumrian are you aware multiple opd officers and ranking leadership were involved in actively trafficking underage girls yeah a bunch of them resigned over it it was a major scandal how quick we forget also what exactly is opd doing ever call  here its an absolute fucking joke a guy was getting assulted next door last time i called  hours later a cop called to see if we still needed assistance the police here basically serve as revenue generators for the slush fund and i quote our job isnt to protect anybody our job is to protect property and document crimes after they happen,Neutral,Irrelevant
32,thanks to the mayor and all the libtards the police cant do anything because it might offend someone,Neutral,Irrelevant
33,nice try josh bister from your contextual use of the nonword libtard everyone now accepts you have a double digit iq and dont have a lot to offer the conversation a handful of police officers passing around a  year old girl pretty fucking sure any decent human being would find offense,Neutral,Information
34,out of curiosity brian if you were in charge of them how can the opd do a better job,Neutral,Irrelevant
35,images,Neutral,Irrelevant
36,and opd just drives by and does nothingyou see their handlers and the police just let it happen,Neutral,Information
37,they are part of the problem sips tea,Neutral,Information
38,my point exactly even after that young lady came forward and named names it still didnt make a dent,Neutral,Information
39,honestly they were fuckin that one girl celeste whatever her name was,Neutral,Information
40,o gtfo this isnt about the police its about the fact that sex trafficking in oakland is not a fkn hot spot for sex trafficking,Negative,Disagrees
41,opd does stop to trick,Neutral,Information
42,i live in oakland where is this going on because all i can see is from little mexico to the dubs,Negative,Disagrees
43,chantay laimont,Neutral,Share/Tag
44,haha its oakland so its probably gonna result in a sex traffic jam coz theyll prob have to use  or   hahah am i rite or am i rite,Neutral,Irrelevant
45,you have children and youre trying to make a joke about sex trafficking,Neutral,Aware
46,no im making a joke about traffic in oakland sex trafficking is terrible duh,Neutral,Aware
47,do you really truly think i dont think sex trafficking is terrible,Neutral,Aware
48,how the hell would i know i dont truly know you all i can see is your comment and its offensive contrast to your profile pic hence my question youre cracking a joke under a post which clearly isnt about vehicular traffic i shouldnt have to explain why that comes off as disturbingly unaware,Neutral,Irrelevant
49,cmon man the worlds got a lot of problems we can laugh while we work to solve them,Neutral,Irrelevant
50,the unawareness was pretty much the punchline no one familiar with oakland is going to say sex trafficking isnt a problem well wait its oakland you cant be sure here read the rest of the comments and youll see what i mean,Positive,Aware
51,its  been happening in oakland for a long while,Positive,Aware
52,veronice,Neutral,Share/Tag
53,katie reilly,Neutral,Share/Tag
54,i am on my way to rescue,Neutral,Other
55,april rain,Neutral,Share/Tag
56,where the asians at,Neutral,Aware
57,its beneficial for both parties,Neutral,Misunderstanding
58,it is not beneficial for children to be sold for sex,Neutral,Aware
59,they choose to do that so leave them alone unless you are goig to give them money,Neutral,Misunderstanding
60,children dont choose that that would be the same as saying they choose to be molested,Neutral,Aware
61,where are their parents they wanted it quick bucks they make more money than us,Neutral,Misunderstanding
62,amy pak,Neutral,Share/Tag
63,luis cuevas wtf i havent even watched it but i read the title this shit crazy to me especially out here,Neutral,Shocked
64,tasha dunham,Neutral,Share/Tag
65,how many more celeste guap s are still in bed with the police around this country wow,Neutral,Irrelevant
66,damn,Neutral,Shocked
67,duh,Neutral,Irrelevant
68,everyone puts the problem on opd how about yâall husbands uncle cousins and friends stop buying pussy first if thereâs no demand for itmaybe it will make a difference,Neutral,Aware
69,this has been for yrs form oak ca sf ca across the state around the world young pplare not always running away the are being taken from the areaðÿðÿ³ðÿžðÿœ,Positive,Aware
70,never gone stop ya digggg,Neutral,Irrelevant
71,krishtine check out some of the comments here folks living in oakland i wonder how close to me white dudes black dudes brown dudes dads with kids this shit is funny to them i feel less and less safe around the male gender every day iâm alive smfh,Neutral,Shocked
72,but some are just regular ass hoochies hookin it they got kids kids need to eat hit e and support working women,Negative,Information
73,i remember my home in the early s was safe and beautiful smdh,Neutral,Shocked
74,it is important to clarify that a sex trafficking victim is forced into the sex industry against his or her will by some measure of deception or coercion for the purpose of exploitation there is no element of choice for the trafficked person,Neutral,Other
75,so prostitution has a new name,Negative,Misunderstanding
76,ivan calderon,Neutral,Share/Tag
77,international and th  get what ask for lol,Neutral,Information
78,get a real job pimps you know wtf youre doin and its creepy af,Neutral,Aware
79, of these hoes are ready and willing not forced,Negative,Disagrees
80,so wheres this at id like to know for scientific reasons,Neutral,Irrelevant
81,they dont mind the hoes they dont want the pimps,Neutral,Misunderstanding
82,yo gtfo with this bullshit,Negative,Angry
83,yo this tread is starting to piss me off,Negative,Angry
84,mosheh a milon mosheh milon sr lisa mcclendonlisa mcclendon,Neutral,Share/Tag
85,mosheh a milon,Neutral,Share/Tag
86,mosheh milon sr,Neutral,Share/Tag
87,the oldest gig in the world how have we done to stop it all this time lol,Neutral,Aware
88,on a slightly lighter side you shouldnt rent them either just sayin please dont shoot me,Positive,Aware
89,opd was pimping and tricking  start with them,Neutral,Information
90,i think she is waiting for the bus whats the fuss lol however on the serious side of this topic children and all that are being trafficed hopefully will be rescued,Positive,Other
91,why harass these hookers who are just trying to make s buck or two its the oldest profession there is and should be legalized so the cops can focus on the real crooks,Negative,Misunderstanding
92,i was back in oakland a couple of years ago and they still out there i also seen bridget the midget when i left cali she was out there  years later i go back and she still there damn,Neutral,Information
93,boughtnorented ,Neutral,Irrelevant
94,joy l t edison,Neutral,Share/Tag
95,yes beware,Neutral,Aware
96,so is the white house,Neutral,Irrelevant
98,meredith kiyomura ðÿ,Neutral,Share/Tag
99,image holding yellow card,Neutral,Aware
100,image holding red card,Neutral,Aware
101,i think the san francisco way of handling it is to legalize it tax it and regulate it just like weed,Neutral,Irrelevant
102,the sf way tax tax tax,Neutral,Irrelevant
103,right cuz weed is as bad as human trafficking also how long have you lived in the bay,Neutral,Aware
104,ive lived here  years the liberal solution is indeed legalization look at the norwegian countries which is what san francisco is always trying to emulate people who cant put an arguement together on fb usually go for character assassination  many of the same arguements for legalizing marijuana can be applied to prostitution war on drugs didnt work war on sex work apparently doesnt either  trafficking is the result,Neutral,Aware
106,there are people who are being in slaved in this day and age they are enslaved the new were making weed jokes people go missing but i suppose it canât be missing if you didnât notice them in the first place these are human beings being assaulted abused and forced against her will did you want to make a joke about that,Positive,Aware
107,i agree one needs to educate themselves on this underground madness its not funny but unfortunetly  some people in this world try to find a way to make others hardships a joke smhunless it was their cousin  sister or even little brother  when it directly affects some people their heart softens quickly  its such a horrible problem,Positive,Aware
108,you both must not understand humour very well dark humour is used to release painful feelings or ideals but trying to make light out of it,Neutral,Irrelevant
109,but some people are just assholes lol,Negative,Aware
110,cody lau,Neutral,Share/Tag
111,patricia feelerðÿ,Neutral,Share/Tag
112,mashã ponce,Neutral,Share/Tag
113,i sell myself for tacos,Neutral,Irrelevant
114,video,Neutral,Irrelevant
115,video,Neutral,Irrelevant
116,video,Neutral,Irrelevant
117,video,Neutral,Irrelevant
118,video,Neutral,Irrelevant
119,video,Neutral,Irrelevant
120,hamilton nguyen,Neutral,Irrelevant
121,margot the only asshole is the one who wont support me selling myself for tacos,Neutral,Irrelevant
122,watch trafficking actually be from immigrant cartels selling for tacos and have the sanctuary city policy protect them,Neutral,Irrelevant
123,hamilton nguyen i feel sorry for your mom and if you have sisters youâre a disgrace to make fun of something that impacts even girls as young as  who are raped by grown men youâre a disgusting pos,,Aware
124,margot goldstein you obviously are a man hating person who doesnt even consider that males are part of sex trafficking and you then go on to talk shit because we are not of the same opinion this is what liberal media has instilled into you puppets and its a shame if youre still a teacher in the city because those kids will grow up with a twisted and childish mind like your own,,Irrelevant
125,its a shame you were even born because you arent a valuable or contributing member of society eat shit and crawl in a gutter,,Irrelevant
126,judging by your pictures and your friends you support blm and antifi shame shame that someone as ignorant and misguided as you are around vulnerable childrens minds,,Irrelevant
127,we need to stop calling it sex ______________ itâs forced prostitution,,Misunderstanding
128,that makes literally no sense you donât know what words mean,,Irrelevant
129,nash ross yes i do sex is consenting to a physical relationship anything forced is rape not sex,,Misunderstanding
130,sigh try not have a strong opinion about something you legitimately do not understand the terminology of this is ignorant and actively destructive to vulnerable people not to mention incredibly rude to sex workers please do look into sexworker lead activism and learn what the hell youâre talking about i suggest the red umbrella project tits and sass the desiree alliance stella and others affiliated with them do not form opinions based on anything from anyone that is not in the industry actively read books written by sex workers i suggest melissa gira grant understand that not understanding sex work is also very directly tied to the deaths of black trans women i am not joking you seem like you want to help so letâs begin with education on this,,Aware
131,nash ross sex work and âœsexâ trafficking are not the same one is a choice,,Aware
132,nash ross httpwwwnswporgsitesnswporgfileskdtd_human_trafficking_and_sex_workpdf,,Aware
133,httpswwwgooglecomampsblogtheexodusroadcomhumantraffickingprostitutiondifferencefhs_amptrue,,Aware
134,sarah,,Share/Tag
135,i fucking hate sf,,Irrelevant
136,carmen,,Share/Tag
137,maria fernanda la rotta,,Share/Tag
138,wow,,Shocked
139,sex work should be made legal that would take care of much of this protect the girls  create tax money now how about farm laborers in the same situation,,Aware
140,hhhhhhhhhhhhhhhhh you people make this shit,,Irrelevant
141,carla suarez i swear iâm not lying about that hippie,,Irrelevant
142,nicole matzembacker,,Share/Tag
143,sex and food is the same we all need it it will never stop,,Misunderstanding
144,sex is not forced,,Misunderstanding
145,maybe sounds stupid but it will never stop  its part of human entertainment industry we all need food sex work like food,,Misunderstanding
146,i hope i didnt upset or anger you its hard to get government help for some trafficking is income sad but true nobdy is force to have sex,,Misunderstanding
147,at one time a part of san fra cisco was called the barbery cost in speakable stuff went on i hope it hasnt returned to the old days,,Shocked
149,i sell myself for rent money sf is just too damn expensive so why not,,Misunderstanding
150,watch the trafficking come from cartels and have the sanctuary city leave them be,,Irrelevant
151,knowledge,,Aware
152,anand mahalingam wtf,,Share/Tag
153,jaysus,,Shocked
154,chryyyyyyyyyst,,Shocked
155,stop the gays,,Prejudiced
156,stop the trolls gay people arenât enslaving girls and women thatâs straight men,,Aware
158,well this post brought out all of the worst people in sf racists homophobes and people who hate sex workers good job san francisco,,Irrelevant
159,sf was like a utopian dream until i was there enough to know that it wasnât,,Aware
160,it never has been liberals arent leftists,,Irrelevant
161,nash ross check this out,,Share/Tag
162,lol itâs so horrible look at these morons holy shit,,Shocked
163,this showed up in my feed im assuming because of our messages to eachother facebook is next level creepstering,,Irrelevant
164,how to fight such ignorance tho they truly believe every sex worker has been coerced and tricked into it,,Misunderstanding
165,it is important to clarify that a sex trafficking victim is forced into the sex industry against his or her will by some measure of deception or coercion for the purpose of exploitation there is no element of choice for the trafficked person,,Other
166,the same as any other kind of human trafficking all of it is bad dont just focus on one aspect,,Aware
167,its important to note that your video is incorrect on multiple levels and your page is more than likely run by radfems who want to make people believe that all sex workers are  female and  sex trafficking victims you have an agenda based on the perceived victimization of women and moral purity  most sex workers in san francisco are doing so by choice and are perfectly content to be doing so,,Misunderstanding
168,so traffic in this road,,Irrelevant
169,itâs true women still are exploited by forcing them into pornograhy and as sex objects but they also lead in forced labor where working conditions are beyond cruel while mentheir numbers are nearly just as bad and add organ harvesting and medical experimentation on helpless unwilling victims the situation is dire and being overlooked,,Aware
170,arrest anyone who does this to anyone childðÿ,,Other
171,do u have a  i can call,,Information
172,ricco thompson sr,,Share/Tag
173,some of them just like walking the blade yâall mainey,,Misunderstanding
174,first thing i seen âœstop the traffikâ and the bridge great way to pitch false advertisement,,Irrelevant
175,cant afford for them hahaha,,Irrelevant
176,image of three sets of praying hands,,Aware
177,angel au time to move,,Shocked
178,i heard about this santa clara cupertino and san jose,,Information
179,nikki chang crystal lee brina vue,,Share/Tag
180,check in with all the massage shops in san jose when you see three of them on the same block that should be an indication of some thing illegal going on,,Information
181,its called man jose for a reason,,Aware
182,christian bozarth,,Share/Tag
183,elizabeth naranjo,,Share/Tag
184,fernanda de velasco be careful babe,,Aware
185,get rid of the refugees illegals and stop letting these terrorists into our country,,Prejudiced
186,just cruise down monterey road and youll see them in plain view,,Information
187,its crazy how they just roll ppl just roll up and scoop a hoe with hella traffic on that stripðÿ³,,Information
188,ramanjot sidhu,,Share/Tag
189,democrats,,Irrelevant
190,its not democrats only have you taken note on the pos thats at the wh,,Irrelevant
191,since i was a kid in san jose downtown san jose ive been seeing women getting pimped out and putting themselves out there on the tracks san jose has been pimping in since been pimping since been pimpin monterey road southside drive monterey road from downtown st street to keys alameda and sunol alameda newhall eastside alum rock jackson white road mckee to name a few all of a sudden this is an issue lol pussy has been selling since the start of this nation its fucked up that young girls are manipulated and intimidated into this its also sad that many women see this as a career choice good luck and shutting it down i think police can make some bust and clean up in the area for a second but in the long run pimpin aint never going to be dead and some women aint never going to stop selling their pussy because they say thats what its got to be to take care of them self sadstateofaffairs,,Information
192,how about doing something about homelessness thatâs more pressing than this,,Angry
193,ðÿðÿ¾,,Other
194,legalize it removes the pimps and other criminal elements in the equation educate the sex workers to improve their selves and leave that industry if they dont want a career change tax them like any business fuck the moral police solve the fucking reasons why a woman choose to sell their bodies and not judge their reasons,,Misunderstanding
195,its like in the days of soddom and gomorrah you cant do anything but repent eventually they will all be destroyed at the end history is just repeating itself,,Irrelevant
196,graham david ed ðÿˆðÿðÿ,,Share/Tag
197,pip chan,,Share/Tag
198,it is important to clarify that a sex trafficking victim is forced into the sex industry against his or her will by some measure of deception or coercion for the purpose of exploitation there is no element of choice for the trafficked person,,Other
199,gisselle varas,,Prejudiced
200,ðÿ,,Other
201,the best thing going is pimping and hoeing,,Misunderstanding
202,president trump need to send all this people from other countries   back and do  all that in there country i know it was here with all the black people that likes to pimp the girls but at least they were adults these are children theyre selling now ugh,,Prejudiced
203,raychel bariao,,Share/Tag
204,well some of those women are living the nice lifestyle charging    a fuck so how can you feel bad for them its not like they can run or anything,,Misunderstanding
205,my nieghborhood been the spot bitch ass liberal city doesnt do shit about it they let monterey be fuckin bastards yet willow glen is perfect thats how democrats operate,,Aware
206,fuck this stupid fuckin city,,Irrelevant
207,people should have more common sense then to just give in to being groomed,,Misunderstanding
208,how can this be stop who knows its not good at all all kids are angels,,Wants to help/learn
210,so sad we need to do what we can to stop this,Positive,Wants to help/learn
211,tagged azeem ayyaz,Neutral,Share/Tag
212,peterborough is the capital of the eastern european workersyesthey are the victims of their own people,Positive,Aware
213,u are the same ,Neutral,Other
214,reallyhow is thati am not eastern european like you mate ,Neutral,Other
215,definitely not gypsy ,Neutral,Other
216,how are they,Neutral,Other
217,thats wisbech and boston too,Neutral,Information
218,because many brits refuse to do the work people will always move to where there is work if the locals dont want to do the work and want to sit and get dole payments then they cannot bitch moan and whinge when others move in for the jobs,Neutral,Misunderstanding
219,the polish shop on the triangle pay some cash in hand and not even the minimum wage,Neutral,Information
220,maybe it is a polish shop but probably not running by polish people,Neutral,Other
221,it is,Neutral,Other
222,thats not slavery is it,Neutral,Aware
223,were all slaves to the taxman to provide for those who wont graft to earn a wage,Neutral,Prejudiced
224,what we were talking about the other day xxxx,Positive,Aware
225,tagged seamus meaney,Neutral,Share/Tag
226,is this a recruitment ad for amazon,Neutral,Irrelevant
227,,Neutral,Irrelevant
228,tagged alex pulley,Neutral,Share/Tag
229,,Neutral,Irrelevant
230,tagged mary wakefield  read the video and then this comment,Neutral,Irrelevant
231,tagged lyndon coupland lol,Neutral,Share/Tag
232,tagged oli tuck spot on,Neutral,Irrelevant
233,you nailed it,Neutral,Irrelevant
234,oh no      ,Neutral,Irrelevant
235,tagged laura randall,Neutral,Share/Tag
236,what on earth,Neutral,Shocked
237,were slaves,Neutral,Wants to help/learn
238,thats so sad,Neutral,Shocked
239,im born and bred in peterborough but i hate the place now its a boring shit hole,Neutral,Irrelevant
240,its not all about the foreigners i know first hand plenty of these cunts are british with british slaves hang the fuckin lot of them,Neutral,Aware
241,gypsies have been known for this as well,Neutral,Aware
242,and what about those who abuse our system,Neutral,Misunderstanding
243,more bricks  ben clarke,Neutral,Irrelevant
244, keep that brick there keep that brick there,Neutral,Irrelevant
245,wegtable magic,Neutral,Irrelevant
246,tagged modestas milius,Neutral,Irrelevant
247,tagged modestas milius,Neutral,Irrelevant
248,once i had some wegtables in wegas with walarie,Neutral,Irrelevant
249,what a cunt,Neutral,Irrelevant
250,tagged john donovan,Neutral,Share/Tag
251,thats fucked up right on our doorstep,Neutral,Shocked
252,tagged catia david cowling,Neutral,Share/Tag
253,tagged nathan cross,Neutral,Share/Tag
254,modern day slavery is going to work each day we are all wage slaves even more so since our wages have been frozen for at least yrs  the cost of living keeps rising,Neutral,Irrelevant
255,shut up,Neutral,Other
256,really david,Neutral,Other
257,youre not wrong aidan but theres a big difference between the wage slavery of capitalism and the coercion and abuse that characterises what we term modern slavery,Neutral,Aware
258, i was working in trampston a few years ago and i was felling a slave the targets was very demand they control everything the time you going toilet the time on your break not a pleasant place to work i left there as i found a better job but many remain there also now they build  towers inside of warehouse where the managers stay on and looking the workers from above dear me looks like concentration camps,Neutral,Information
259,thats not slavery thats rubbish working conditions you could have walked away at any point,Neutral,Aware
260,tagged shannon ingham,Neutral,Share/Tag
261,yea and still claiming benefits,Neutral,Prejudiced
262,probably true,Positive,Aware
263,load of bollocks,Negative,Disagrees
264,tagged darren wayman lewis mitchell christopher mcculloch ,Neutral,Share/Tag
265,tagged joe moore ethan kirby aidan ball,Neutral,Share/Tag
266,human trafficking is a huge problem throughout the eu on the continent the sex trade in the uk victims of gang masters some from britain but many also polish it is a huge problem which does not get enough coverage in the press it is a disgrace,Positive,Aware
267,if only you could imagine how it actually works you wouldnt dare to comment like that this comment is my answer to majority of comments on this post,Positive,Aware
268,tagged tylia lily bagnall remember me saying about the nail bars,Neutral,Share/Tag
269,im one of them,Neutral,Irrelevant
270,except youre paid well ,Neutral,Other
271,didnt know thisx,Positive,Shocked
272,tagged rhiannatracy louise,Neutral,Share/Tag
273,where can i get one,Neutral,Irrelevant
274,ptown makita mott tasha smith olivia jones,Neutral,Share/Tag
275,no one asked or wanted them here and then the promise of a country offering all on a plate goes foul tough shit you made your bed now fuck off back to the shithole you crawled out from lol as for british citizens being exploited thats another matter if they have genuine problems,Negative,Prejudiced
276,tagged sarah kathrine kurys chloe gregory,Neutral,Share/Tag
277,i feel this website is badly put together not enough facts about why people are foolish enough to put themselves into this kind of trap etc more facts evidence is required,Negative,Other
278,we wouldlike to help stop slavery how do we do this,Positive,Wants to help/learn
279,nothing new,Neutral,Aware
280,i thought it was gypos,Neutral,Prejudiced
281,jennie dalton are you trapped in this,Neutral,Share/Tag
282,i remember working in some peterborough factories and being told the immigrants are only on  an hour dont tell them we get ph that was  years ago,Neutral,Information
283,were they paying tax probably not  probably illegally employed,Neutral,Other
284,oh yeah most likely then,Neutral,Other
285,so at least it being tax free probably gabe them more wage but they wouldnt have been taxed  a week how much less they were payed so its still taking advantage of them,Neutral,Aware
286,tagged sri naga praharsha sabbavarapu,Neutral,Share/Tag
287,never experienced this because thankfully i grew in a developed country in a structured family and had opportunity to get a higher education and make a career but if anyone thinks that modern slavery doesnt exists you must be living in a bubble or youre the ones that only look at their own belly button and the rest is nothing sadly this kind of emigration benefits the economy of the developed countries exists all over europe do you think some local farmer can sell their products at competitive prices that you will want to buy paying well to that emigrants the problem is a lot of them accept poorly working conditions long working hours and underpaid salary because back home they were starving didnt have nothing and were desperate does it make it right if someone exploit vulnerable people like that,Positive,Aware
288,as someone else has said travellers have been doing it for years,Neutral,Aware
289,you can start with companies like amazon who use the benefit system to fund their slavery like practices,Neutral,Irrelevant
290,tagged brandon michael look at the area were living in,Neutral,Information
291,hmm,Neutral,Other
292,so why are things still do exspensive especially in cambridge the piss takers,Neutral,Irrelevant
293,they would rather be here illegally on low wages than return home that isnt slavery by any meaning of the word putting modern in front of it doesnt make it so thats all,Negative,Disagrees
294,seriously  so how do you tell the difference paul between those who are on low pay by choice and those who have been threatened had passports taken away or bitten up and with no english slavery isnt about choice it is about being tricked and finding yourself in a no way out situation often psychologically broken too people are promised one thing and they find something completely different when they arrive in a foreign country with no money at all,Positive,Aware
295,slavery isnt about being paid by choice or by circumstance it doesnt matter as for the rest of what you say its special pleading you shouldnt arrive in a foreighn country with no money for no other interest than money thats stupid and wrong there is no good reason not to go to your consulate andor the authorities if someone has your passport other than you are here illegally and would rather the low wages the british taxpayer should not shoulder this problem at all further than a crackdown on immigration,Neutral,Prejudiced
296,what about the people who are victims of human trafficking paul,Positive,Aware
297, i would say thats a job for immigration different to what the op is talking about seems our immigration policies are allowing a lot of this behaviour,Neutral,Misunderstanding
298,paul neilson well said amen to that,Neutral,Misunderstanding
299,okso if you were  years old no parents in a war torn country being blown the sht out of by the us or uk or being shot at from arms made and sold by said countries but someone came up to you and said i can take you somewhere safe where you will have a home food and a bed you would stay paul neilson and stella prentice,Neutral,Aware
300,peterborough is a big muislim area and they do this shit wherever they go this government turning a blind eye to it,Neutral,Prejudiced
301,this wasnt an issue years ago just goes to show how the liberal pc brigade are helping our country move forward fucking knobs the lot of them,Neutral,Misunderstanding
302,were all slaves to the pound,Neutral,Irrelevant
303,were all slaves to someone serving others its like a fecking merry go round,Neutral,Misunderstanding
304,yep could had told you this,Neutral,Aware
305,the amount of ignorance in these comments is embarrassing,Neutral,Aware
306,what a surprise i live in the fens and spot the english during the day time and most bmws ate owned by eastern europeans litianians etc,Neutral,Aware
307,were the real slaves taxed and lied to by a corrupt government who have actively encouraged a cheap labour economy based upon mass immigration our values and cultural heritage are being deliberately eroded and if we dare voice any concerns were immediately branded as racists,Neutral,Other
308,no your not the real slave is the  year old girl forcibly removed from her small village in china africa or a dozen other countries smuggled to europe feed drugs till there addicted and then sold for sex to pay of the debt they owe the traffickers thats the sick truth of it,Positive,Aware
309,if our borders werent left open due to the eu or if our government had a back bone and closed them maybe modern day slavery wouldnt be an issue in our small country,Neutral,Misunderstanding
310,as far as im aware your borders are still controlled even for eu citizens and it might be a surprise but getting to an island should be harder than getting from germany to france your issues didnt happened because of eu but because of really weak border control even when you should and are allowed to have one,Neutral,Irrelevant
311,well said piotr,Neutral,Other
312,hey sis i live in cambridgeshire well nobody slave them eastern european comes like many like millions of people people of cambridgeshire voted them to leave so why would they say its slavery i cant explain any better than that anyone can come and leave if they dont like it,Negative,Misunderstanding
313,when the heck did the people of cambridgeshire vote for the eastern europeans to leave what a lot of bollocks,Neutral,Other
314,modern slavery  what a term that is it describes the majority of the work force for the last  yrs in this country regardless of a persons nationality,Negative,Misunderstanding
315,if you think that you have no frigging clue of modern slavery,Positive,Aware
316,nor do you lol,Neutral,Other
317,i cant help feeling that many of the comments posted here are left by some very ignorant people its not the fault of the eu or the eastern europeans or any other nationality a lot of these come to the uk with the promise of a better life more money and conditions and are tricked into it its not their fault the best way to tackle it is to keep an eye out on it and report your sudpicions,Positive,Aware
318,tagged mateusz olszewski dalvin matereke when it said car wash i just bursted our laughing ,Negative,Share/Tag
319,tagged amelia le moël,Neutral,Share/Tag
320,,Positive,Shocked
321,well what do we expect with our ridiculous open door mass immigration we should have a census early and find out who lives here and deport all the illegal immigrants only then can we tackle this problem,Neutral,Prejudiced
322,and there was me thinking  tax was modern slavery ,Neutral,Irrelevant
323,no but want to know and whotell me,Positive,Wants to help/learn
324,perhaps if supermarkets like tesco were to pay fairly for farmers produce they in turn would pay their workers more in a transparent way but tesco is too busy filling their pockets and stiffing suppliers greedy bastards,Neutral,Aware
325,human trafficking is also happening in peterborough with social services treating vulnerable women like suppliers of babies to abduct and traffic ibto the adoption industry for caash incentives,Neutral,Misunderstanding
326,theres not enough adoptees to kids so thats you idea out the window  if there was we wouldnt have a foster care system at breaking point,Neutral,Other
327,thats for older kids people are waiting  years especially for a baby because they dont want an older child i did specify babies didnt i get your statistics for babies unable to find homes youll find theres waiting lists for babies,Neutral,Irrelevant
328,sickening to laugh react at that,Neutral,Other
329,its more aimed at single mothers of one child rather than a family as families are harder to get adopted compared to the one child,Neutral,Other
330,its not only to fullfil adoption targets there are other goals too,Neutral,Other
331,yeah i know career growth social engineering finding children for pedo rings as shown in ian josephs testimony when he was town councillor he was reached out to by the mother of a  yr old with behavioural difficulties who was moved out to a childrens home and not allowed to speak to her with no clear explanation the councilor visited the boy and found out the home hed been moved to it was normal for the children to sleep with the people running it for pocket money so as you can see many reasons behind the child trafficking social services are doing in this country,Neutral,Information
332,its the employers who want to pay less and british workers dont want to be paid less becz we knw the minimum wage is but eastern europeans knw too but they still go ahead why becz they hace to pay  rent without a job they be on the streets so only recruitment agencies give them jobs which are  hour shifts and to be honest they are hard workers better then some of our british people who cant be asked to get their backside to work,Neutral,Misunderstanding
333,the comments are too difficult to read the grammar is absolutely ridiculous ,Neutral,Irrelevant
334,i see  people living in a  bedroom house regularly and often with just one bathroom and kitchen why would they come here to live like a rat ,Neutral,Information
335,i had a family of  living in a bed sit next to me,Neutral,Information
336,we dont always know the conditions they left behind however both the above comments are appalling conditions for a st world country need the tax dodgers like amazongoogleapplestarbucks to pay their fair share of tax to do that you need to stop buying their shitty products their workers are also slaves on low wages big business is to also to blame,Neutral,Aware
337,jolyon scarlett we can blame big business but most of these problems occur due to the housing laws being flouted by certain unscrupulous landlords and local councils turning a blind eye to the overcrowding we do not have nowhere near enough housing for those that are already here whats the point of allowing immigrants in to the country in such huge numbers when we do not have the infrastructure to cope  shortages in housing  higher rental prices  more homeless  more suffering,Neutral,Irrelevant
338, a sensible answer for once our immigration problem is not because you may be polish lithuanian hungarian indian chinese or any other nationality our issues are we dont have the infrastructure for the numbers that are coming it needs to be controlled better as we dont have the economy to react to the huge numbers coming in there are lots of people who flout the system both foreigners and the british its costing too much and preventing those in real need from getting the service they deserve we need a government with a backbone and an understanding of the real issues,Neutral,Irrelevant
339,ian stones exactly,Neutral,Other
340,we dont give a flying f,Neutral,Other
341,tagged lewis callum joe ellis yoss modern slavery illegal car washing,Neutral,Share/Tag
342,where can i get one ,Neutral,Irrelevant
343,tagged leon humberstonegarley,Neutral,Share/Tag
344,tagged ryan mcgeough,Neutral,Share/Tag
345,dont forget back to work programms and training  oh wait its the goverment its okay,Neutral,Irrelevant
346,definitely peterborougb,Positive,Aware
347,they can always go back to their own country,Neutral,Misunderstanding
348,they should go home then if it is that bad here,Neutral,Misunderstanding
349,god the majority of comments on here make me sick to my stomach typical ukip voting fenland morons that think every problem in the world is caused by immigrants and eu people come to this country to work hard and provide for themselves and their families and there are unscrupulous people out there who are willing to exploit their desperation its not the taxmans fault and its certainly not the victims fault to compare the everyday grind of free british workers to those poor people held hostage by these slavemasters is so stupid it takes my breath away,Positive,Aware
350,amen to that,Positive,Aware
351,well said,Positive,Aware
352, i totally agree with you and couldnt have put it better,Positive,Aware
353,ok  i think may need rethink abou her governament i was working  years full time  year part time  get ill  have surgery on   apply for esa still waiting   weeks gone will they pay my of sick maybe shame on jobcentre  shame on governor  shame on my employer  i feel cheated   the only money come in is when i work wheres the respect for old people like me,Neutral,Irrelevant
354,whats esa ive lived and worked here all my life paying myself and the system  years working and never heard of it ,Neutral,Other
355,ben ford esa is the replacement for incapacity benefit you can apply to get it if youre signed off sick and too ill to work but the job centre will do their own medical on you and then decide if you qualify and if you do they can still insist you do work to get back into work rather than trusting that your treating doctor knows that you are not fit for work at the time,Neutral,Other
356,ben ford its called employment support allowance,Neutral,Other
357,ben ford what i know is what have been told  because i havent right for a universal credit i was told apply after my operation for esa  i understood if you are english born you have universal credit if not you have a provisory fund called esa because is basead in how much tax have you pay ,Neutral,Other
358,it doesnt matter what nationality you are esa basically if u have worked and paid into the system u will get something out of it im assuming it depends how much u have paid in tax and insurance,Neutral,Other
359,tagged philip hamouda guarda ,Neutral,Share/Tag
360,fg slavery man,Neutral,Aware
361,hate starting working at  glad its being noticed,Neutral,Irrelevant
362,you start work i didnt notice,Neutral,Other
363,i make it look easy thats all,Neutral,Other
364,plenty of people start work at am thats not slavery,Neutral,Other
365,diane ray thats not the half of it i set my alarm for six to get ready u have not idea what a struggle it is,Neutral,Other
366,i dont give a toss,Negative,Angry
368,i live in the fenland area barb never seen so many eastern europeans,Neutral,Irrelevant
369,connection,Neutral,Irrelevant
370,i agree wisbechistan  wisbechis dreadful all young mums with prams and another baby any second  and lots of loud car radios playing non english â musicâ,Neutral,Prejudiced
371,but of course the snowflakes will still say it doesnt have any effect on the nhs schooling and housing,Neutral,Irrelevant
372,xxx yes i agreebut its not hard to work out that it must have a serious impact on servicesthats why its all a mess,Neutral,Irrelevant
373,xxx oh my god that is just darn unacceptable  your life must be unbearable ðÿ,Neutral,Irrelevant
374,xxx  agreed i live near wisbech and as i walk along i am surprised if i hear someone talking in english,Neutral,Irrelevant
375,at least the influx of eastern europeans to wisbech has dramatically increased the areas gene pool and not before time,Neutral,Irrelevant
376,xxx bravo ðÿ,,Irrelevant
377,apparently all legal migrants according to theresa may and non brexit team even more funny violent crime and sexual offences up massively in every area of uk,Neutral,Prejudiced
378,i wanna know  how they charge â for a est car but donât wanna drop to â to wash my wifeâs fiat   perhaps they pay more tax on a bigger vehicle ðÿto our old ma mayâïâïâïðÿ,Neutral,Misunderstanding
379,its not worth doing it for â   a car is a car   i couldnt give less of a fuck if i pay â for my range rover or â for my wifes convertible   who gives a shit   its hard graft what they do its worth at least a tenner,Neutral,Aware
380,wash it yourself ya tight fucker,Neutral,Irrelevant
381,i could do sir but when youâre well off and used to people  doing it for youðÿitâs hard ðÿðÿ,Neutral,Irrelevant
382,moaning because someone wonât wash a car for â well off ðÿ,Neutral,Irrelevant
383,far from moaning sir itâs the principle of life if one is going to cauterise payment on vehicles then why is it not cheaper for smaller vehicles âïâï,Neutral,Irrelevant
384,you want to try going to a detailer spend at least a few hundred to a few grand,Neutral,Irrelevant
385,xxxx why are xl â xxxxxl the same price as a sml shirt  more material same price   your thinking isnât right  small cars are â in my town large cars  x are â  nothing is â why would it be   men working on your car cost of electricity for the jet wash cost of water time and effort  â is a bargain,Neutral,Irrelevant
386,yes and some working in the fens earn an average of  a month,Neutral,Disagrees
387,yeah some of us do and we do stupid hours to earn that,Neutral,Irrelevant
388,this is true because most of them want to work this ad would be better if they pointed out what signs to look for reporting hard working people isnt going to help anyone they work very hard and diligently and put alot of british people to shame,Neutral,Aware
389,this post is about people in fenland being used as slaves it is asking you to be aware it exists they are brought in by coach from their villages they have their passports taken away put in properties often  to a room and paid little for the work they do as theyre told they have to repay for their travel to the uk their housing etc they dont know who to go to for help,Positive,Aware
390,what village in the gens requires a passport and ely isnât really an island,,Misunderstanding
391,should have stayed at home then,,Prejudiced
392,xxx they are still human beings who are being exploited by criminals,,Aware
393,xx you know shit have a walk round boston on a saturday night see all these slaves dirty bastards pissing and shitting where ever they please,Negative,Prejudiced
394,xxx  i agree they imprisoned by a british family who had enslaved a mentaly impaired man took all his income and regularly beat him most of the field workers are eastern european that are employed by local farmers in the fens doing labour that no british person would do the farmers say they work hard in all weathers and every hand car wash in peterborough is run by eastern  europeans they do a excellent job this day and age people shouldnt be enslaved especially in this country instead of people hating on them have empathy and hate your government for the mess,Neutral,Information
395,xxxx why do they have to be migrants thats the chain of thought here so its an issue as no ones mentioned vulnerable adults from uk and fact that also some slaves dont know they slaves but think they are friends or lovers or family or their enslavers you see it all time,Neutral,Aware
396, xxxyes karl the person i mentioned was english his family found him  years later and his capturers british so can be from anywhere,Neutral,Information
397,yes it is and if the system changed we would not get such abuses,Neutral,Aware
398,simply solution  ban migrant workers  problem solved ,Neutral,Prejudiced
399,not really xxx apparently farmers rely on them where is the labour going to come from in your solution,Neutral,Irrelevant
400,some shameful ill informed   comments on here as normal these people are human being some one son daughter mother farther think about before you put such unkind nasty comments on here,Neutral,Aware
401,xxxx yeah who did the jobs b we did,Neutral,Irrelevant
402,there is a problem ok farmers want to pay as little as possible but if these people didnt come over here two things would happen farmers would have to pay more in wages which would mean that prices would go up it would also mean that those claiming benefits yet able to work would have to get out of bed and work ,Neutral,Other
403,these people should never ha allowed to continue  these practices but until people speak out about these evil practices  it will go onits no use fining them as they will just carry on and on,Neutral,Aware
404,xxxhe might volunteer ðÿ,Neutral,Irrelevant
405,xxx the farmers are paying the going rate the people causing this issue are the gangmasters they are the middlemen acting as agents and they are paying the workers  they are monitored thesedays by the authorities and face prosecution even prison if found to be doing what is claimed in the original posting,Neutral,Aware
406,i have no idea what the solution to prevent this is but i do know that if here in the fens we knew about this happening near us it woukd kick off big time  i was lucky to be  born in this country and i appreciate it very much ,Neutral,Aware
407,xxx  we did    you talking about a time when we was really hard up and before everyone went to college university  and left  grand in debt    yes our grand and great grandparents worked the land but they all dead  now ,Neutral,Irrelevant
408,there is a number they can call its free from a pay phone  then they can go back,Neutral,Irrelevant
409,xxx who will work on the fields then in the factories etc,Neutral,Irrelevant
410,if we didnt have so many immigrants most illegal then our country would employ more legal people and have to pay the correct wages but because foreigners work twice as hard for less  money our  youngsters and others dont stand a chance sorry if ive offended anyone but i have work hard all my life im  and still struggle sometime just my opinion,Neutral,Misunderstanding
411,when our greatgrandparentsgrandparents  and some parents they did not have handouts as they do today they had no option but to go out to work on the land as there was little else gypsies also worked on the land students in their holidays would too do not blame people that come in from abroad it is the land owners factory owners that are to blamea lot of  farmers now do quite a lot themselves hence al the heavy machinery we notice around,Neutral,Irrelevant
412,there is a whole generation of young people not working because of the handouts they do not want the break breaking jobs bending  and lifting out in all weathers,Neutral,Irrelevant
413,i was born and raised in the eighties my first wage packet was at   picking strawberries with my mum ive always been a grafter but cannot get land work or what was once known as casualgang work anymore and by gang i dont mean the modern rip you off bull crap i rang about many a job went into agencys and guess what soon as they hear im english not a bit interested yes many would rather not work the land well thats up to them after all maybe they want to better themselves either way our country work has died as well as most of our industrys sad to see it all change so much,Neutral,Irrelevant
414,ðð²ðð½ ðšðñðññð¾ñð½ð¾ð² the people who use to work in the fields and factories before cheap east european labour took away their livelihoods,Neutral,Irrelevant
415,took away or given away dont get me wrong we should blame the system lots of people dont want to work on the fields english bulgarian romanian etc the world is changing unfortunately not for good,Neutral,Irrelevant
416,xxx my son is english and got plenty of work with agencies,Neutral,Irrelevant
417,xxx thats because the english were sick of being exploited doing backbreaking work hes  so he could hardly stand straight by the end of the day for less than the minimum wage my son used to do the work for a gangmaster left home at  in the morning driven to god knows where hours of backbreaking work picking strawberries then not getting home till  at night for â a day when he tried to sign on the dole after he wasnt able to because he hadnt paid any tax and ni although it was deducted from his wages,Neutral,Information
418,heather davies  how did the farmer get there workers  years ago didnt the farmers need workers in them days    i know they did i was one of the workers that used to work on the land winter and summer,Neutral,Irrelevant
419,ðð²ðð½ ðšðñðññð¾ñð½ð¾ð²  the fields and factory were occupied and harvest  years with no help from anyone but our own,Neutral,Irrelevant
420,i stand by you   i all so was driving to boston a few years back and  i saw a gang of field workers  working with little kids on the field with them i couldnt believe my eyes  if they were english the authorities would be on them,Neutral,Information
421,xxx not all the workers were english  the owner of baytree garden centre came over from bavaria in  to work as a rose budder and i doubt he was the only migrant worker,Neutral,Information
422,stop letting the fckers enter the country thenðÿ,Neutral,Prejudiced
423,the fens are invariably tory areas,Neutral,Irrelevant
424,yes they are and the council they shit on their own doorstep,Neutral,Irrelevant
425,people are being exploited in the fens usually by the majority of the councillors and the council ,Neutral,Irrelevant
426,itâs not  just the fens its all over england because our government doesnât have control,Neutral,Aware
427,stop letting them in,Neutral,Prejudiced
428,slaves my ass they have plenty of money for beer and drugs,Negative,Prejudiced
429,new cars flash jewellery latest mobile phone eat like kings  queens ðÿðÿðÿðÿ,Neutral,Misunderstanding
430,forgot about all the expensive designer clothing they have too ðÿ,Neutral,Misunderstanding
431,good and bad denise osborne we should be able to kick all the shit out last week in boston a latvian man was knocking on peoples doors with a knife turns out he had not long been released from yrs for murder in latvia,Neutral,Misunderstanding
432,high class slaves ðÿ x,Neutral,Misunderstanding
433,xxxxx,Neutral,Share/Tag
434,if our country had control of who comes in and out and why like other countries this wouldnât happen as much   sorry but i feel for them but having a visa is the only way to help this and our country,Neutral,Misunderstanding
435,i agree with that,Neutral,Irrelevant
436,its not a visa issue its an agency issue,Neutral,Aware
437,yes i agree,Neutral,Aware
438,these people have visas they are promised a decent job and they come here to be used and abused,Neutral,Aware
439,we already have control of who comes into the country,Neutral,Irrelevant
440,xxxx so why do we allow murders in  from europe,Neutral,Irrelevant
441,absolutely bloody appalled by the comments on here they are humans who are trying to make a positive change in their life and have been taken advantage of just because you were lucky enough to be born in a country with a decent economy and healthcare system with no war being fought here doesnât give you the right to judge people not as fortunate so much entitlement in here sickening,Neutral,Aware
442,a woman from boston put a post up this week her yr old daughter was walking thru the park in town a east european walked up to her pulled her top down exposing her breasts because she fought back he strangled her till she nearly blacked out and spat in her face if you think this is a isolated case your deluded this and more serious offences are happening on a regular basis in the fens so if you are shocked people dont give a fuck about this post theres your reason why,Neutral,Prejudiced
443,entitlement dont make me laugh listen to lily allan here most of the people with issues are worse off in so many ways regardless of having the so called fortune to be born in this country makes no difference to the falling standards of life for the indigenous residents the ones that didnt vote concervative and voted for brexit you look like you have a nice life compared to most of us shall i judge you and say because of your fortune of proberbly being born in uk to middle class family having the chance of higher education being able to not worry where or whose house you sleeping at night as a child in uk and having structure even now in place to not have a clue what its like for people at breadline whose money is worth base amount like  in uk not sent home where its wor times more and the dole is basically human exploration but its ok because its the government its okay to care blthat makes u human but if it comes down to me my kids or them its me and mine,Neutral,Irrelevant
444,you have no idea who i am or where i come from i was born into a working class hard grafting military family we didnât have much growing up and was taught to get anything we needed to work for it so yea my life is pretty comfortable now but i worked for everything i have nothing was given to me and there were times when my son was a baby that i had to get by on very little money but i did because thatâs life i donât begrudge some poor sod who is coming here to graft so heshe can send money back to their families i agree more needs to be done to help families living in poverty here though no child should ever go to bed hungry in this day and age but that doesnât mean we shouldnât try to protect people being exploited in our country does it,Neutral,Aware
445,xxx these workers are also paying into the system and spending money in our shops,Neutral,Irrelevant
446,they are also taking money and resources out of the country in droves and sending it back to countries where the pound is  times stronger and buying land and homes whilst people in this country at same education level have nothing to show for their work they know what they doing and as for slavery its no different than a government run back to work scheme but with free housing in fact if government sent you on a worthless unemployment course for  a day  at hr a day for the duration u was unemployed it would be ok but if some gang master does it its not now thats exploitation,Neutral,Other
447,every person has the ability to make their lives better its just a question of whether or not they want to  my parents were both on benefits for my entire childhood i signed up for a saturday job when i was  im  now and have a comfortable life having worked for the last  years you might look and judge me thinking i was born into a comfortable life but theres nothing comfortable about watching cockroaches walk over your bedroom floor wondering where our next meal might come from feeling unsafe in our own council flat  immigration has happened for centuries how do you think the commonwealth came to be we werent worried about borders back then when we were benefitting from all the goods that we were taking as though they belonged to us  if i saw an opportunity to better mine and my familys life and it meant have to work and live in another country and send money back for my children id do it in a heartbeat,Neutral,Irrelevant
448,making a positive change in their lives donât move to wisbech then ðÿ,Neutral,Irrelevant
449,i have the answer get all those who are not working and on benefits into the fields picking the veg fruit etc  bit of hard work hurts no one  oh it is seasonal early starts in all weathers and it ainât worth the money ðÿ,Neutral,Irrelevant
450,well it would be worth the money if employers were forced to pay a fair wage for the joband supermarkets charged a proper price for goods and people were prepared to pay a proper price so that the people that picked their precious flamin cheap fruit could get a decent wageblame the oppressor not the victimand dont avoid your own culpability,Neutral,Aware
451,maybe so  but if people are paid the minimum wage or more depending on quotas why are they not doing the work because we have âsomeâ in society that do not want seasonal work they want full time jobs it is back breaking  long hours and hard work picking fruit and veg somebody has to do it and sadly eastern europeans will  fill the gaps but that is no excuse for modern day slavery  if it was good enough for the last generation to do the work on the land it is good enough now to much co dependency on our benefit systemfor âsomeâ,Neutral,Aware
452,they are too soft for that,Neutral,Irrelevant
453,xxxx well lots of housewives used to do it as it could fit around school etc and also it was classed as casual and it usually wasnt declared income the govt clamped down on it wanting the tax to be paid and so the people stopped doing it and the gangmasters came into their own,Neutral,Aware
454,go aldi for fruit n veg,Neutral,Irrelevant
455,xxx,Neutral,Irrelevant
456,forget immigration this is east european gangs exploiting their own together with travellers exploiting the vulnerable everywhere is underfunded so its difficult to tackle,Neutral,Aware
457,xxx,Neutral,Share/Tag
458,british jobs for british workers ban migrant workers  simple solution,Neutral,Prejudiced
459,the british workers dont want to do it though which is why the eastern europeans have been come here to do it for a good years  plus,Neutral,Irrelevant
460,xxx if we got rid of the migrants then the benefit spongers would have to take the jobs or lose benefits we can get this turned around as long as we take control of the boarders,Neutral,Irrelevant
461,xxx we do have control of the borders always have had just having a job available doesnt mean people will do it theyre not prepared to do it now  hence mostly migrants doing it,Neutral,Irrelevant
462,xxx if the unemployed are unwilling to work in my opinion they should get fuck all benefits make the lazy sods work  im in work at  am every day working my arse off  if i can do it so can they,Neutral,Irrelevant
463,my dad was a farmer it was a family farm he would be out at  and wouldnt come home till he finished what he had to after school weekends and school holidays we was all out in the fields my dad my mum my three sisters and my brother  had other farmers help to we all helped each other they worked on my dads farm we worked on there we also had cousins that would come because they wanted to get some money sit in a field pulling onions out of the ground cutting the tops of putting them in a basket then put them in a bag it was hard work now day they have machines that do most of the work my dad was a small farmer so we all worked on it from driving tractors to in the fields,Neutral,Irrelevant
464,xxx the trafficker,Neutral,Irrelevant
465,xxx on the door step,Neutral,Irrelevant
466,im a fenland lad through n through try living in this area lol,Neutral,Irrelevant
467,send them all back that way you wont have idiots they have come for a better life blah blah blah the crime rate has shot up since they have flooded in if they dont like their country then they should blame their parents not come here so we suffer give england back to england,Neutral,Prejudiced
468,how are you going to judge a whole nation based on the criminals  you get french arseholes irish arseholes scottish arseholes and guess what yes english arseholes aswell stabbings in london are at an all time high it outdid shootings in new york and guess what we the englishmen and at adult age  was responsible for more than half of that rate,Neutral,Irrelevant
469,xxx that is also true but i would rather just deal with the homegrown idiots than have rude foreign idiots who grab women when we are having a girlie night out swear at us when we tell them we are not interested i agree that english lads do it as well but when a foreign idiots then says fuck off to your country you fucking slag when im a white english older woman it just gets my back up also we have more foreigners here that carry weapons abuse people in the street drink out in the open parks where children are how can we bring up good children when we let other idiots into the country,Neutral,Prejudiced
470,xxx here here x,Neutral,Irrelevant
471,if we sent them all back wed still have idiots like you,Neutral,Irrelevant
472,xxx rather have a home grown idiot than a foreign one at least i will understand your english,Neutral,Irrelevant
473,i doubt the problem is they donât like their country really why would anyone want to move here for anything other than money send them all back ðÿðÿðÿ whoâs them the people building homes and shops cleaning collecting the food we eat and putting it on shelves for us to buy the list could go on and on maybe the problem is you,Neutral,Irrelevant
474,xxx  there is a lot of crazy cows on fen green fields go on and join them it will be far more productive than your shity comments,Neutral,Irrelevant
475,xxx best comments of  so far ðÿðÿðÿ,Neutral,Irrelevant
476,xxx like i said before when they go home the english will have to do the jobs they donât want or like or they lose their benefits,Neutral,Irrelevant
477,xxx how adult of you,Neutral,Irrelevant
478,xxx why moan when you canât see the problem pathetic,Neutral,Irrelevant
479,hilarious i love how you bring the word pathetic out of the box whatâs pathetic is your racist one sided thinking  âœoh they are foreign so they must be criminalsâ you have absolutely no idea love do yourself a favour never breathe a word of this opinion in public you will look so stupid when someone who has worked along slide them and gets on  with some themselves hears this bullshit,Neutral,Irrelevant
480,thereâs criminals then there is people  just like there is in every single society across the world just because they donât speak the same language as you doesnât mean they are bad people which to me is what you are interpreting such an immature judgement to make  how old are you jeez,Neutral,Irrelevant
481,xxx if you had read what i have previously said  the ones that just grab your bum when walking through the bar when you tell them to back off they call you a dirty english slag the ones who i have actually watched inject their groins in broad daylight the ones who are so bloody rude in the supermarket because you have gone to grab the same piece of meat rudeness is uncalled for,Neutral,Irrelevant
482,xxx how old am i old enough to have paid into the nhs longer than you have been alive probably not paying into it for  months then getting prescriptions to send home old enough to know that when your arse is grabbed in a pub and can you give them the bird most english lads laugh at you with their mates i have actually had the reply fuck off you dirty fucking english slag i wouldnt mind but im having a coffee with my sister in the middle of the afternoonsorry am i suppose to thank god for their wonderful manners and robbing ways,Neutral,Irrelevant
483,and they are the bad ones  not every single foreign countryman you meet is like that some are very humble and very polite people  you get bad peoples everywhere  no matter what race or nationality  iâm not a bleeding heart liberal or anything i am just saying before you go bad mouthing a whole nation  look at it from both sides,Neutral,Irrelevant
484,xxx lets just agree to disagree and i have met a couple of nice ones but unfortunately met more bad than good,Neutral,Irrelevant
485,dear helen  seems you got all wrong people come because of work and life criminals come here for the different reasons every country have criminals england is not exaption you like it not but thats the way it is in this modern world by the way the migest criminal cortel are polite cortel  in nearly all eu countrys and us helen  we all are peoplehuman  behind the skin and religion there is no difference between us and we speak english and understand when somebody very rude we come here with knowledge of  to  different languages doctors and any other important workers  come here  helen we all human all are beatiful spirits o this life track,Neutral,Irrelevant
486,xxx well then,Neutral,Irrelevant
487,wth,Neutral,Irrelevant
488,i think people should go to soham and try and spot the english man i feel out of place every time i go there,Neutral,Irrelevant
489,try wisbech you will feel exactly the same  and the serious crime rate is high too x,Neutral,Irrelevant
490,xxx   i used to work on shropshire for about  years till the eastern europeans turned up,Neutral,Irrelevant
491,i got told by shropshireâs i couldnât get a job there as a tractor driver because the only language i speak is english,Neutral,Irrelevant
492,xxx arr nice oneðÿœ,Neutral,Irrelevant
493,xxx  im in a village just outside wisbech i hate going there you dont hear a word of english most of the time x,Neutral,Irrelevant
494,xxx thats such a shame ii used to like shopping in the horsefair now its a bit intimidating,Neutral,Irrelevant
495,xxx its scary plus hardly any shops left now either xxx,Neutral,Irrelevant
496,xxx i know pretty sad x,Neutral,Irrelevant
497,xxx agreed xxx,Neutral,Irrelevant
498,if youâre on benefits for more than  months just stop it,Neutral,Irrelevant
499,good luck to you if you get a chronic illness,Neutral,Irrelevant
500,xxx i think he may be on about the spongers not ill people,Neutral,Irrelevant
501,xxx i was,Neutral,Irrelevant
502,xxx i was on about the spongers,Neutral,Irrelevant
503,then round them up and kick them out then jail the gangmasters for a very long time send a message that it will not be tolerated,Neutral,Other
504,so are the people who belong here,Neutral,Misunderstanding
505,can you speak in english please,Neutral,Irrelevant
506,the fenland people who are burgledassaulted is that english enough for you the proper fenland people,Neutral,Irrelevant
507,proabilly a bozzo ðÿðÿ fucking slave robbed me of â to clean my car inside and out ðÿ slavery my arse,Neutral,Irrelevant
508,and the guilty are the farmers,Neutral,Aware
509,screw them maybe their go back to the shithole they came from and not country shop till they fund the jackpot namely us their beds made now sleep in it or piss off,Neutral,Prejudiced
510,this is about slavery a very real problem in this nation and in the world a lot of them dont know how to escape they came here for a better life and now are enslaved no one deserves that,Neutral,Aware
511,there is so much ignorance on here that itâs painful,Neutral,Aware
512,stop moaning yes that is a lot of gangs in the fens they have their own cars most of them its the towns you want to worry about ps cheap food cheap workers,Neutral,Aware
513,after what u eat in it well cheap  take care bruv lol,Neutral,Irrelevant
514,it is everywhere,Neutral,Aware
515,i have often wondered this the guys who do my car do a very good job but i do worry for the welfare i think they are romanian how can we tell if they may be victims of slavery and what can we do about it,Neutral,Wants to help/learn
516,romanians about norfolk way,Neutral,Irrelevant
517,xxx if you have concerns then its worth calling in on  or reporting online on the website and letting the police know what your concerns are and why no matter how little info you can give it may just be the little bit of info theyve been waiting for to add to a case theyre already working on or it may be the first piece of info that makes them look into it and help people who dont know where to turn,Neutral,Aware
518,xxx i donât have concerns specifically what i would like to know is how could we tell if there is an issue what are the signs,Neutral,Wants to help/learn
